84,140,149,187,183,186,160,147,173,172,168,141,173,188,192,184,231,188,206,174,179,192,226,132,53,16,1,0
32,11,18,12,12,14,11,8,6,5,4,3,4,4,6,0
35,24,4,2,1,4,3,4,5,6,2,2,0
63,103,122,114,110,119,146,121,142,120,139,134,136,115,158,138,142,136,141,141,133,135,142,133,147,138,148,151,90,15,2,0
16,6,4,2,0
81,163,180,206,204,210,181,183,201,178,184,180,223,188,235,238,188,187,189,192,191,182,169,66,27,11,1,0
40,29,16,12,18,9,9,11,15,5,4,7,5,5,5,3,2,6,6,8,7,9,9,16,11,4,6,3,2,2,1,0
100,218,246,279,277,262,232,282,304,279,279,291,327,281,326,284,237,267,250,80,8,0
24,12,8,6,5,2,1,2,3,0
86,156,189,176,203,177,206,196,182,215,216,200,228,192,189,187,205,190,183,216,192,176,112,28,1,0
92,196,232,243,247,234,251,226,219,245,243,258,289,229,233,244,249,239,228,188,101,22,0
93,201,186,232,237,216,236,235,240,256,239,216,231,235,222,253,257,220,240,262,265,128,14,0
40,51,47,37,46,29,32,31,37,38,44,47,54,39,39,56,60,55,44,50,89,78,59,62,71,77,59,43,59,65,52,58,66,63,50,52,53,44,57,59,41,41,68,57,45,36,34,30,14,7,7,2,1,0
39,39,34,25,31,26,27,20,23,27,21,14,20,18,18,22,27,22,26,32,23,22,10,12,12,5,1,7,5,7,7,5,9,10,11,13,19,13,11,13,11,12,21,21,13,5,6,9,3,8,3,10,10,13,9,9,12,14,21,29,28,15,17,11,11,21,17,5,4,1,0
63,95,142,129,121,129,150,126,136,138,138,110,118,119,112,104,108,137,126,119,97,128,107,115,115,110,112,113,116,93,85,23,2,0
77,127,155,131,152,162,149,185,175,160,175,171,175,174,156,147,114,160,165,186,152,160,203,147,140,68,18,2,0
31,14,10,7,5,2,1,2,3,1,0
22,7,3,3,2,1,0
42,44,40,28,21,16,16,16,12,18,12,14,17,18,24,20,11,14,17,23,16,18,23,16,16,14,14,11,17,20,13,23,21,16,15,26,26,27,30,30,27,25,20,24,19,8,6,3,6,4,1,0
85,185,183,218,221,236,214,170,190,227,205,210,187,201,187,170,202,193,223,189,162,155,89,76,22,0
96,187,224,265,242,280,248,290,244,239,212,246,244,265,254,255,300,274,315,195,45,0
41,45,32,29,25,31,40,44,43,43,57,77,58,62,47,45,54,48,38,60,63,54,55,40,42,43,45,41,54,73,48,43,49,53,51,40,49,61,64,65,59,81,65,62,44,40,32,39,29,23,17,19,12,12,5,5,1,2,2,4,2,0
65,118,142,118,151,124,166,137,140,133,149,130,117,137,143,124,132,139,145,145,135,150,157,118,155,136,130,90,42,15,3,0
43,25,17,17,12,9,7,9,4,4,3,3,3,4,8,3,5,0
31,37,24,12,10,5,4,2,1,1,1,1,1,2,1,0
25,9,6,0
88,170,233,247,211,199,231,200,188,187,232,206,209,190,196,220,211,212,267,234,244,168,67,12,0
71,96,105,112,125,115,125,109,115,116,114,135,132,128,132,139,115,137,121,109,100,120,129,121,122,132,122,112,99,97,93,46,13,3,0
49,52,48,36,36,66,48,43,53,57,44,37,41,44,35,27,35,41,60,60,58,62,65,65,68,63,58,53,64,51,48,57,30,42,34,46,46,46,64,74,51,44,58,58,59,69,47,27,14,12,19,6,12,3,3,2,1,1,0
26,12,9,4,1,2,2,1,5,4,0
77,118,132,136,148,161,141,134,129,159,120,129,162,173,119,109,141,147,143,129,146,134,112,119,160,138,146,116,44,10,0
42,31,35,17,19,19,12,12,13,19,11,13,17,12,14,7,8,9,12,7,8,10,13,10,15,14,10,12,7,14,16,13,17,18,10,11,8,12,21,21,16,18,22,19,13,27,24,14,17,5,8,11,14,12,17,21,11,23,31,32,22,21,14,24,27,29,17,20,15,15,22,19,14,20,22,30,28,20,12,8,5,3,6,4,7,2,3,4,1,2,0
19,9,5,3,1,0
59,86,87,90,91,97,121,108,78,104,95,102,116,98,125,93,104,111,100,101,78,106,108,90,102,110,77,122,127,109,106,66,65,33,25,12,7,0
70,88,85,100,109,100,117,97,100,92,122,116,124,177,138,95,112,148,136,135,124,128,124,117,124,88,91,104,130,107,82,45,9,1,1,0
49,49,53,57,43,37,43,56,49,45,45,44,36,32,37,36,32,32,32,38,42,32,44,59,57,72,50,43,49,48,49,56,61,50,57,62,73,72,59,63,65,59,72,47,28,33,43,44,39,21,18,9,5,6,3,5,6,10,8,5,2,1,0
19,13,9,7,5,2,4,1,1,1,0
56,67,63,76,71,78,70,74,74,59,72,72,70,71,81,79,79,81,84,63,71,86,77,56,65,55,67,50,62,62,66,75,73,93,113,92,81,58,36,23,23,18,18,10,7,2,0
57,59,58,56,57,41,55,59,58,47,46,37,47,37,42,44,54,37,43,37,28,38,35,39,50,30,35,36,59,51,48,67,73,72,77,90,68,63,73,90,96,69,49,24,27,15,15,20,8,6,13,10,8,9,7,4,2,7,6,5,3,6,9,10,6,6,8,9,5,5,0
63,65,76,86,72,103,88,77,101,97,82,63,61,91,95,87,89,88,93,96,98,109,87,117,88,86,91,112,91,79,101,108,93,70,54,38,30,14,5,1,0
82,179,190,212,163,197,195,178,168,171,183,193,154,155,189,220,183,158,204,184,216,178,115,54,12,2,0
59,100,114,96,113,108,92,86,121,142,122,124,130,153,111,110,143,142,152,116,133,125,127,126,97,128,130,110,104,99,61,15,0
67,104,114,135,113,139,129,109,117,139,156,131,134,123,127,133,141,133,162,104,121,159,142,129,120,117,127,124,65,31,11,3,1,0
24,11,12,11,8,3,2,1,0
53,57,64,58,76,77,79,76,59,67,70,74,54,79,72,77,85,78,71,61,65,66,64,68,71,84,89,70,75,73,99,105,74,85,58,67,62,45,53,20,14,25,33,10,5,1,1,0
50,68,69,65,64,44,51,46,52,65,54,60,84,58,78,81,81,63,54,58,71,61,76,64,67,65,87,83,67,73,92,72,72,76,73,75,71,66,48,46,32,21,13,5,4,3,0
88,190,180,190,228,242,237,247,208,214,179,199,221,218,218,204,237,265,210,217,262,154,111,27,4,0
85,166,202,161,159,186,192,194,205,190,195,169,202,200,207,210,185,160,174,203,224,166,152,110,69,24,1,0
62,92,102,97,123,125,93,93,107,105,88,109,122,134,99,118,110,137,117,118,102,119,128,103,128,107,89,109,106,113,106,57,26,22,8,8,1,0
30,12,8,8,4,2,3,2,1,3,1,1,0
25,13,10,7,4,1,1,1,0
20,5,2,4,1,0
64,119,114,127,144,126,119,98,110,103,116,103,110,128,135,131,144,138,140,122,136,112,132,139,158,130,124,135,110,71,25,10,0
65,73,76,83,81,80,70,74,73,97,101,83,80,106,97,87,99,81,75,85,95,89,96,84,68,79,76,73,113,81,93,108,87,63,75,80,74,20,5,2,4,6,3,6,6,4,4,0
41,23,15,11,2,1,1,2,4,6,6,2,2,4,5,1,1,1,0
44,40,44,29,38,41,23,18,26,41,38,33,45,53,49,53,48,40,49,44,47,39,42,59,54,52,44,45,40,29,31,42,31,36,33,29,23,24,6,12,8,16,19,14,15,15,8,12,20,20,20,21,20,22,19,14,17,18,13,20,16,20,12,10,10,11,14,11,9,9,7,8,15,10,12,18,17,13,8,5,6,18,8,3,10,9,2,1,0
71,91,93,99,105,104,126,118,128,119,126,144,101,116,117,98,108,150,111,108,107,110,99,108,134,129,113,114,100,110,56,27,12,8,5,7,4,0
31,9,4,4,0
100,227,233,223,243,268,287,277,275,266,316,261,286,303,281,278,275,290,252,135,11,0
57,50,54,85,74,70,80,77,84,69,63,70,77,81,74,79,83,75,60,69,63,61,78,77,64,85,90,84,89,79,80,68,72,77,85,79,65,46,40,34,21,13,8,10,9,5,5,2,0
81,166,184,160,180,166,183,216,164,175,168,160,163,181,166,154,149,153,166,174,154,162,174,186,141,77,3,0
38,36,46,45,38,48,52,36,34,27,37,24,17,22,24,25,15,10,8,11,21,20,18,22,26,38,37,27,33,44,43,44,51,48,42,40,37,36,26,23,21,29,29,27,22,32,29,25,28,45,32,35,29,24,34,46,41,30,31,26,20,19,28,28,19,26,25,27,26,30,16,13,7,8,4,3,0
98,214,244,212,258,261,218,267,270,237,284,235,265,260,267,256,289,234,254,263,138,9,0
66,100,92,117,122,116,125,136,116,113,98,109,102,103,117,110,118,110,106,106,117,105,96,128,119,102,114,101,97,83,74,52,24,8,3,0
51,54,36,31,22,29,32,35,34,34,36,24,36,34,44,43,45,42,54,60,56,61,57,37,32,24,29,27,37,42,47,56,50,45,48,45,68,63,59,40,43,46,50,48,58,63,44,54,55,57,54,33,38,33,12,6,5,7,10,3,1,4,2,0
75,119,107,104,107,117,133,98,131,136,127,112,104,105,96,110,108,120,94,97,105,103,120,138,115,104,81,128,136,103,89,79,38,15,4,0
98,234,228,237,277,281,257,218,255,238,238,240,223,235,256,258,246,277,254,198,138,43,0
32,25,21,10,8,7,3,3,4,3,4,4,0
64,67,62,61,69,78,82,102,107,105,92,65,65,69,75,68,87,76,79,82,93,110,101,101,102,88,77,88,87,105,86,107,90,109,61,42,39,17,9,1,0
57,53,51,55,62,55,65,73,71,83,71,77,80,67,57,37,22,31,35,52,64,53,51,57,51,56,49,69,74,100,94,66,83,82,72,60,64,88,79,77,57,44,34,42,24,8,2,0
36,29,43,31,32,24,29,32,27,19,23,20,25,21,29,29,38,29,14,13,13,15,15,16,15,18,18,19,34,39,32,43,34,29,36,39,44,32,36,35,30,44,43,34,25,12,16,17,17,17,8,1,0
76,132,163,165,163,176,152,162,150,161,141,193,185,146,143,161,179,173,184,147,162,176,202,176,155,80,32,5,0
94,201,237,227,213,241,217,232,262,242,209,266,266,224,217,210,213,217,227,242,192,72,7,0
62,86,107,96,112,104,110,107,96,132,142,111,117,98,125,122,129,105,96,94,84,120,126,116,125,119,114,94,88,104,87,56,36,22,6,0
75,124,154,157,152,141,178,180,200,188,187,157,166,184,182,188,171,144,162,149,156,169,151,133,126,83,18,1,0
82,140,187,173,181,141,162,185,221,181,177,183,189,173,163,189,192,210,174,193,183,185,186,147,27,0
97,220,250,278,261,244,265,261,244,280,280,286,265,304,265,289,293,290,240,134,11,0
99,223,253,254,237,242,215,227,236,249,249,301,276,265,278,303,278,293,284,192,94,15,1,0
77,161,176,152,151,212,178,153,165,180,167,163,179,170,171,187,180,166,188,195,169,165,214,188,88,41,27,9,2,0
98,228,216,232,252,249,286,259,258,274,254,245,293,262,264,251,271,261,258,294,98,11,0
33,32,25,20,11,9,9,5,1,1,5,2,2,0
68,121,127,128,103,115,118,120,117,112,127,113,90,119,126,114,122,146,137,149,153,120,130,124,134,142,137,150,131,92,31,4,0
85,191,200,229,251,243,259,207,232,228,208,191,214,208,235,218,244,236,237,194,129,98,74,19,1,0
64,78,93,96,107,92,117,130,106,87,89,107,102,98,91,98,100,91,99,112,122,132,99,107,108,110,118,104,86,93,92,76,54,29,9,0
27,18,6,6,9,6,4,0
55,68,85,84,84,75,94,94,85,95,94,81,72,80,81,87,71,85,78,100,81,73,80,81,81,96,90,91,75,88,67,78,98,92,64,53,33,14,14,10,2,0
87,181,180,195,216,235,218,217,224,226,205,219,215,225,212,214,237,221,215,236,196,127,11,0
96,186,207,238,241,267,304,279,301,280,247,276,275,265,242,257,252,242,242,133,51,12,0
86,185,194,213,204,197,183,189,158,173,194,187,200,186,178,184,184,175,205,204,213,158,146,128,25,0
44,41,29,29,26,17,17,17,22,23,16,11,10,6,12,12,14,17,22,14,11,12,12,24,28,26,24,22,19,16,14,17,10,17,6,4,1,2,2,0
83,183,213,234,198,222,195,196,209,225,241,217,219,265,215,185,199,205,194,197,146,92,103,42,1,0
63,99,116,112,111,113,101,108,110,122,126,124,148,117,106,114,118,104,106,149,123,112,105,116,120,110,101,126,98,91,80,65,22,12,2,0
50,84,105,91,96,80,98,104,86,87,107,89,78,103,81,77,93,92,107,90,92,81,118,107,107,87,95,109,89,81,91,90,87,88,44,10,1,0
91,166,191,184,209,218,208,198,206,232,268,212,235,166,179,209,209,214,218,232,208,238,131,9,0
40,30,34,28,39,54,41,47,36,34,28,43,33,22,18,18,20,16,19,13,12,5,7,2,3,0
58,100,100,100,106,73,109,97,102,105,125,131,109,111,96,94,101,138,111,129,98,91,105,124,98,103,107,115,105,82,70,70,41,36,8,0
17,5,2,2,3,2,3,3,1,0
33,23,14,6,8,3,1,2,5,2,0
73,117,134,111,128,112,144,143,141,142,133,125,115,124,148,137,120,122,115,135,157,184,146,117,163,136,88,61,38,34,17,1,0
51,74,68,91,79,83,83,105,105,110,72,63,71,62,72,85,97,86,80,77,81,82,82,76,70,83,72,73,78,80,111,134,107,123,86,81,46,43,12,1,0
